n,ime,i,j,c1,c2
6,"2D Grid Graph for [2, 3]",1,2,1,2
6,"2D Grid Graph for [2, 3]",1,3,1,1
6,"2D Grid Graph for [2, 3]",1,4,1,1
6,"2D Grid Graph for [2, 3]",2,2,1,1
6,"2D Grid Graph for [2, 3]",2,3,1,1
6,"2D Grid Graph for [2, 3]",2,4,1,1
6,Circular Ladder graph,1,2,2,1
6,Circular Ladder graph,1,3,1,1
6,Circular Ladder graph,1,4,1,1
6,Circular Ladder graph,2,2,2,1
6,Circular Ladder graph,2,3,1,1
6,Circular Ladder graph,2,4,1,1
7,Random Block Graph with 3 blocks of order 3,1,2,1,2
7,Random Block Graph with 3 blocks of order 3,1,3,1,1
7,Random Block Graph with 3 blocks of order 3,1,4,1,1
7,Random Block Graph with 3 blocks of order 3,2,2,1,1
7,Random Block Graph with 3 blocks of order 3,2,3,1,1
7,Random Block Graph with 3 blocks of order 3,2,4,1,1
8,"2D Grid Graph for [2, 4]",1,2,2,2
8,"2D Grid Graph for [2, 4]",1,3,2,2
8,"2D Grid Graph for [2, 4]",1,4,1,2
8,"2D Grid Graph for [2, 4]",2,2,2,1
8,"2D Grid Graph for [2, 4]",2,3,1,2
8,"2D Grid Graph for [2, 4]",2,4,1,1
8,Circular Ladder graph,1,2,2,2
8,Circular Ladder graph,1,3,2,1
8,Circular Ladder graph,1,4,2,1
8,Circular Ladder graph,2,2,2,1
8,Circular Ladder graph,2,3,1,2
8,Circular Ladder graph,2,4,1,1
9,"2D Grid Graph for [3, 3]",1,2,3,3
9,"2D Grid Graph for [3, 3]",1,3,2,1
9,"2D Grid Graph for [3, 3]",1,4,1,2
9,"2D Grid Graph for [3, 3]",2,2,2,2
9,"2D Grid Graph for [3, 3]",2,3,2,2
9,"2D Grid Graph for [3, 3]",2,4,1,2
9,Random Block Graph with 4 blocks of order 3,1,2,2,1
9,Random Block Graph with 4 blocks of order 3,1,3,2,1
9,Random Block Graph with 4 blocks of order 3,1,4,2,1
9,Random Block Graph with 4 blocks of order 3,2,2,1,1
9,Random Block Graph with 4 blocks of order 3,2,3,1,1
9,Random Block Graph with 4 blocks of order 3,2,4,1,1
10,"2D Grid Graph for [2, 5]",1,2,2,2
10,"2D Grid Graph for [2, 5]",1,3,2,2
10,"2D Grid Graph for [2, 5]",1,4,2,2
10,"2D Grid Graph for [2, 5]",2,2,2,2
10,"2D Grid Graph for [2, 5]",2,3,1,2
10,"2D Grid Graph for [2, 5]",2,4,1,1
10,Circular Ladder graph,1,2,2,3
10,Circular Ladder graph,1,3,2,2
10,Circular Ladder graph,1,4,1,1
10,Circular Ladder graph,2,2,2,2
10,Circular Ladder graph,2,3,1,2
10,Circular Ladder graph,2,4,2,2
10,Random Block Graph with 3 blocks of order 4,1,2,1,1
10,Random Block Graph with 3 blocks of order 4,1,3,1,1
10,Random Block Graph with 3 blocks of order 4,1,4,1,1
10,Random Block Graph with 3 blocks of order 4,2,2,1,1
10,Random Block Graph with 3 blocks of order 4,2,3,1,1
10,Random Block Graph with 3 blocks of order 4,2,4,1,1
11,Random Block Graph with 5 blocks of order 3,1,2,2,2
11,Random Block Graph with 5 blocks of order 3,1,3,1,1
11,Random Block Graph with 5 blocks of order 3,1,4,1,1
11,Random Block Graph with 5 blocks of order 3,2,2,2,1
11,Random Block Graph with 5 blocks of order 3,2,3,1,1
11,Random Block Graph with 5 blocks of order 3,2,4,2,1
12,"2D Grid Graph for [2, 6]",1,2,2,3
12,"2D Grid Graph for [2, 6]",1,3,3,2
12,"2D Grid Graph for [2, 6]",1,4,2,2
12,"2D Grid Graph for [2, 6]",2,2,1,2
12,"2D Grid Graph for [2, 6]",2,3,1,2
12,"2D Grid Graph for [2, 6]",2,4,2,2
12,"2D Grid Graph for [3, 4]",1,2,3,3
12,"2D Grid Graph for [3, 4]",1,3,3,2
12,"2D Grid Graph for [3, 4]",1,4,3,2
12,"2D Grid Graph for [3, 4]",2,2,2,2
12,"2D Grid Graph for [3, 4]",2,3,2,2
12,"2D Grid Graph for [3, 4]",2,4,2,1
12,"2D Grid Graph for [4, 3]",1,2,3,4
12,"2D Grid Graph for [4, 3]",1,3,2,2
12,"2D Grid Graph for [4, 3]",1,4,3,2
12,"2D Grid Graph for [4, 3]",2,2,2,3
12,"2D Grid Graph for [4, 3]",2,3,2,2
12,"2D Grid Graph for [4, 3]",2,4,2,2
12,Circular Ladder graph,1,2,4,3
12,Circular Ladder graph,1,3,2,2
12,Circular Ladder graph,1,4,2,2
12,Circular Ladder graph,2,2,2,2
12,Circular Ladder graph,2,3,2,2
12,Circular Ladder graph,2,4,2,2
13,Random Block Graph with 6 blocks of order 3,1,2,1,2
13,Random Block Graph with 6 blocks of order 3,1,3,1,2
13,Random Block Graph with 6 blocks of order 3,1,4,1,1
13,Random Block Graph with 6 blocks of order 3,2,2,1,1
13,Random Block Graph with 6 blocks of order 3,2,3,1,1
13,Random Block Graph with 6 blocks of order 3,2,4,1,1
13,Random Block Graph with 4 blocks of order 4,1,2,1,1
13,Random Block Graph with 4 blocks of order 4,1,3,1,2
13,Random Block Graph with 4 blocks of order 4,1,4,1,1
13,Random Block Graph with 4 blocks of order 4,2,2,1,1
13,Random Block Graph with 4 blocks of order 4,2,3,1,1
13,Random Block Graph with 4 blocks of order 4,2,4,1,1
13,Random Block Graph with 3 blocks of order 5,1,2,1,1
13,Random Block Graph with 3 blocks of order 5,1,3,1,1
13,Random Block Graph with 3 blocks of order 5,1,4,1,2
13,Random Block Graph with 3 blocks of order 5,2,2,1,1
13,Random Block Graph with 3 blocks of order 5,2,3,1,1
13,Random Block Graph with 3 blocks of order 5,2,4,1,1
14,"2D Grid Graph for [2, 7]",1,2,4,2
14,"2D Grid Graph for [2, 7]",1,3,2,2
14,"2D Grid Graph for [2, 7]",1,4,2,2
14,"2D Grid Graph for [2, 7]",2,2,2,2
14,"2D Grid Graph for [2, 7]",2,3,2,2
14,"2D Grid Graph for [2, 7]",2,4,2,2
14,Heawood graph,1,2,3,3
14,Heawood graph,1,3,3,3
14,Heawood graph,1,4,3,2
14,Heawood graph,2,2,3,3
14,Heawood graph,2,3,2,2
14,Heawood graph,2,4,2,2
14,Circular Ladder graph,1,2,3,3
14,Circular Ladder graph,1,3,3,3
14,Circular Ladder graph,1,4,2,3
14,Circular Ladder graph,2,2,2,3
14,Circular Ladder graph,2,3,2,3
14,Circular Ladder graph,2,4,2,2
15,Random Block Graph with 7 blocks of order 3,1,2,2,1
15,Random Block Graph with 7 blocks of order 3,1,3,2,1
15,Random Block Graph with 7 blocks of order 3,1,4,2,2
15,Random Block Graph with 7 blocks of order 3,2,2,1,1
15,Random Block Graph with 7 blocks of order 3,2,3,1,1
15,Random Block Graph with 7 blocks of order 3,2,4,2,2
15,"2D Grid Graph for [3, 5]",1,2,3,3
15,"2D Grid Graph for [3, 5]",1,3,3,3
15,"2D Grid Graph for [3, 5]",1,4,3,2
15,"2D Grid Graph for [3, 5]",2,2,2,3
15,"2D Grid Graph for [3, 5]",2,3,3,2
15,"2D Grid Graph for [3, 5]",2,4,2,2
15,"2D Grid Graph for [5, 3]",1,2,3,3
15,"2D Grid Graph for [5, 3]",1,3,3,4
15,"2D Grid Graph for [5, 3]",1,4,3,2
15,"2D Grid Graph for [5, 3]",2,2,2,2
15,"2D Grid Graph for [5, 3]",2,3,3,2
15,"2D Grid Graph for [5, 3]",2,4,2,2
15,,1,2,4,2
15,,1,3,3,3
15,,1,4,3,2
15,,2,2,3,3
15,,2,3,3,2
15,,2,4,2,2
16,"2D Grid Graph for [2, 8]",1,2,3,3
16,"2D Grid Graph for [2, 8]",1,3,2,2
16,"2D Grid Graph for [2, 8]",1,4,2,2
16,"2D Grid Graph for [2, 8]",2,2,2,3
16,"2D Grid Graph for [2, 8]",2,3,3,3
16,"2D Grid Graph for [2, 8]",2,4,1,3
16,Circular Ladder graph,1,2,4,5
16,Circular Ladder graph,1,3,3,3
16,Circular Ladder graph,1,4,2,3
16,Circular Ladder graph,2,2,2,2
16,Circular Ladder graph,2,3,2,3
16,Circular Ladder graph,2,4,3,2
16,"2D Grid Graph for [4, 4]",1,2,4,4
16,"2D Grid Graph for [4, 4]",1,3,4,3
16,"2D Grid Graph for [4, 4]",1,4,3,2
16,"2D Grid Graph for [4, 4]",2,2,3,2
16,"2D Grid Graph for [4, 4]",2,3,2,2
16,"2D Grid Graph for [4, 4]",2,4,3,2
16,Random Block Graph with 5 blocks of order 4,1,2,1,1
16,Random Block Graph with 5 blocks of order 4,1,3,1,2
16,Random Block Graph with 5 blocks of order 4,1,4,2,2
16,Random Block Graph with 5 blocks of order 4,2,2,1,1
16,Random Block Graph with 5 blocks of order 4,2,3,1,2
16,Random Block Graph with 5 blocks of order 4,2,4,1,1
16,,1,2,3,3
16,,1,3,2,2
16,,1,4,2,2
16,,2,2,3,3
16,,2,3,3,3
16,,2,4,2,2
16,Random Block Graph with 3 blocks of order 6,1,2,1,1
16,Random Block Graph with 3 blocks of order 6,1,3,1,1
16,Random Block Graph with 3 blocks of order 6,1,4,1,1
16,Random Block Graph with 3 blocks of order 6,2,2,1,1
16,Random Block Graph with 3 blocks of order 6,2,3,1,1
16,Random Block Graph with 3 blocks of order 6,2,4,1,1
17,Random Block Graph with 8 blocks of order 3,1,2,1,2
17,Random Block Graph with 8 blocks of order 3,1,3,2,3
17,Random Block Graph with 8 blocks of order 3,1,4,2,2
17,Random Block Graph with 8 blocks of order 3,2,2,1,1
17,Random Block Graph with 8 blocks of order 3,2,3,1,1
17,Random Block Graph with 8 blocks of order 3,2,4,2,2
17,Random Block Graph with 4 blocks of order 5,1,2,2,1
17,Random Block Graph with 4 blocks of order 5,1,3,2,1
17,Random Block Graph with 4 blocks of order 5,1,4,2,2
17,Random Block Graph with 4 blocks of order 5,2,2,2,1
17,Random Block Graph with 4 blocks of order 5,2,3,1,1
17,Random Block Graph with 4 blocks of order 5,2,4,1,1
18,"2D Grid Graph for [2, 9]",1,2,4,3
18,"2D Grid Graph for [2, 9]",1,3,4,3
18,"2D Grid Graph for [2, 9]",1,4,2,3
18,"2D Grid Graph for [2, 9]",2,2,2,2
18,"2D Grid Graph for [2, 9]",2,3,2,2
18,"2D Grid Graph for [2, 9]",2,4,2,3
18,Pappus Graph,1,2,4,3
18,Pappus Graph,1,3,3,3
18,Pappus Graph,1,4,3,3
18,Pappus Graph,2,2,4,3
18,Pappus Graph,2,3,3,3
18,Pappus Graph,2,4,3,3
18,Circular Ladder graph,1,2,4,4
18,Circular Ladder graph,1,3,3,3
18,Circular Ladder graph,1,4,2,4
18,Circular Ladder graph,2,2,3,3
18,Circular Ladder graph,2,3,3,2
18,Circular Ladder graph,2,4,3,2
18,"2D Grid Graph for [3, 6]",1,2,4,3
18,"2D Grid Graph for [3, 6]",1,3,3,3
18,"2D Grid Graph for [3, 6]",1,4,3,3
18,"2D Grid Graph for [3, 6]",2,2,3,3
18,"2D Grid Graph for [3, 6]",2,3,4,3
18,"2D Grid Graph for [3, 6]",2,4,2,3
18,"2D Grid Graph for [6, 3]",1,2,3,3
18,"2D Grid Graph for [6, 3]",1,3,4,3
18,"2D Grid Graph for [6, 3]",1,4,3,3
18,"2D Grid Graph for [6, 3]",2,2,2,2
18,"2D Grid Graph for [6, 3]",2,3,3,2
18,"2D Grid Graph for [6, 3]",2,4,2,3
19,Random Block Graph with 9 blocks of order 3,1,2,2,3
19,Random Block Graph with 9 blocks of order 3,1,3,2,2
19,Random Block Graph with 9 blocks of order 3,1,4,2,2
19,Random Block Graph with 9 blocks of order 3,2,2,1,1
19,Random Block Graph with 9 blocks of order 3,2,3,2,1
19,Random Block Graph with 9 blocks of order 3,2,4,1,1
19,Random Block Graph with 6 blocks of order 4,1,2,2,2
19,Random Block Graph with 6 blocks of order 4,1,3,2,2
19,Random Block Graph with 6 blocks of order 4,1,4,2,2
19,Random Block Graph with 6 blocks of order 4,2,2,1,1
19,Random Block Graph with 6 blocks of order 4,2,3,1,1
19,Random Block Graph with 6 blocks of order 4,2,4,2,2
19,Random Block Graph with 3 blocks of order 7,1,2,2,2
19,Random Block Graph with 3 blocks of order 7,1,3,2,2
19,Random Block Graph with 3 blocks of order 7,1,4,1,1
19,Random Block Graph with 3 blocks of order 7,2,2,1,1
19,Random Block Graph with 3 blocks of order 7,2,3,1,1
19,Random Block Graph with 3 blocks of order 7,2,4,1,1
20,"2D Grid Graph for [2, 10]",1,2,4,4
20,"2D Grid Graph for [2, 10]",1,3,3,3
20,"2D Grid Graph for [2, 10]",1,4,2,5
20,"2D Grid Graph for [2, 10]",2,2,3,2
20,"2D Grid Graph for [2, 10]",2,3,2,2
20,"2D Grid Graph for [2, 10]",2,4,2,3
20,Circular Ladder graph,1,2,3,4
20,Circular Ladder graph,1,3,4,4
20,Circular Ladder graph,1,4,4,4
20,Circular Ladder graph,2,2,2,3
20,Circular Ladder graph,2,3,3,3
20,Circular Ladder graph,2,4,3,2
20,"2D Grid Graph for [4, 5]",1,2,4,4
20,"2D Grid Graph for [4, 5]",1,3,4,4
20,"2D Grid Graph for [4, 5]",1,4,3,3
20,"2D Grid Graph for [4, 5]",2,2,3,3
20,"2D Grid Graph for [4, 5]",2,3,3,3
20,"2D Grid Graph for [4, 5]",2,4,3,3
20,"2D Grid Graph for [5, 4]",1,2,5,4
20,"2D Grid Graph for [5, 4]",1,3,3,4
20,"2D Grid Graph for [5, 4]",1,4,3,3
20,"2D Grid Graph for [5, 4]",2,2,3,3
20,"2D Grid Graph for [5, 4]",2,3,2,3
20,"2D Grid Graph for [5, 4]",2,4,3,3
20,,1,2,4,4
20,,1,3,3,3
20,,1,4,3,2
20,,2,2,4,3
20,,2,3,3,3
20,,2,4,2,3
20,,1,2,3,4
20,,1,3,3,3
20,,1,4,2,2
20,,2,2,3,3
20,,2,3,3,3
20,,2,4,3,3
21,Random Block Graph with 10 blocks of order 3,1,2,2,2
21,Random Block Graph with 10 blocks of order 3,1,3,2,2
21,Random Block Graph with 10 blocks of order 3,1,4,2,2
21,Random Block Graph with 10 blocks of order 3,2,2,2,1
21,Random Block Graph with 10 blocks of order 3,2,3,2,2
21,Random Block Graph with 10 blocks of order 3,2,4,2,2
21,"2D Grid Graph for [3, 7]",1,2,4,4
21,"2D Grid Graph for [3, 7]",1,3,3,4
21,"2D Grid Graph for [3, 7]",1,4,3,3
21,"2D Grid Graph for [3, 7]",2,2,3,2
21,"2D Grid Graph for [3, 7]",2,3,2,3
21,"2D Grid Graph for [3, 7]",2,4,2,2
21,"2D Grid Graph for [7, 3]",1,2,3,3
21,"2D Grid Graph for [7, 3]",1,3,4,4
21,"2D Grid Graph for [7, 3]",1,4,3,4
21,"2D Grid Graph for [7, 3]",2,2,3,3
21,"2D Grid Graph for [7, 3]",2,3,2,2
21,"2D Grid Graph for [7, 3]",2,4,3,2
21,Random Block Graph with 5 blocks of order 5,1,2,2,2
21,Random Block Graph with 5 blocks of order 5,1,3,2,1
21,Random Block Graph with 5 blocks of order 5,1,4,2,2
21,Random Block Graph with 5 blocks of order 5,2,2,1,1
21,Random Block Graph with 5 blocks of order 5,2,3,1,1
21,Random Block Graph with 5 blocks of order 5,2,4,2,1
21,Random Block Graph with 4 blocks of order 6,1,2,2,1
21,Random Block Graph with 4 blocks of order 6,1,3,2,1
21,Random Block Graph with 4 blocks of order 6,1,4,1,1
21,Random Block Graph with 4 blocks of order 6,2,2,1,2
21,Random Block Graph with 4 blocks of order 6,2,3,1,1
21,Random Block Graph with 4 blocks of order 6,2,4,1,1
22,"2D Grid Graph for [2, 11]",1,2,3,2
22,"2D Grid Graph for [2, 11]",1,3,4,3
22,"2D Grid Graph for [2, 11]",1,4,3,3
22,"2D Grid Graph for [2, 11]",2,2,3,3
22,"2D Grid Graph for [2, 11]",2,3,3,3
22,"2D Grid Graph for [2, 11]",2,4,3,3
22,Circular Ladder graph,1,2,4,4
22,Circular Ladder graph,1,3,3,4
22,Circular Ladder graph,1,4,3,4
22,Circular Ladder graph,2,2,3,2
22,Circular Ladder graph,2,3,3,2
22,Circular Ladder graph,2,4,2,3
22,Random Block Graph with 7 blocks of order 4,1,2,2,2
22,Random Block Graph with 7 blocks of order 4,1,3,2,2
22,Random Block Graph with 7 blocks of order 4,1,4,1,2
22,Random Block Graph with 7 blocks of order 4,2,2,2,2
22,Random Block Graph with 7 blocks of order 4,2,3,2,2
22,Random Block Graph with 7 blocks of order 4,2,4,1,2
22,Random Block Graph with 3 blocks of order 8,1,2,1,1
22,Random Block Graph with 3 blocks of order 8,1,3,2,2
22,Random Block Graph with 3 blocks of order 8,1,4,1,1
22,Random Block Graph with 3 blocks of order 8,2,2,1,1
22,Random Block Graph with 3 blocks of order 8,2,3,1,1
22,Random Block Graph with 3 blocks of order 8,2,4,1,1
23,Random Block Graph with 11 blocks of order 3,1,2,2,2
23,Random Block Graph with 11 blocks of order 3,1,3,2,2
23,Random Block Graph with 11 blocks of order 3,1,4,3,2
23,Random Block Graph with 11 blocks of order 3,2,2,1,2
23,Random Block Graph with 11 blocks of order 3,2,3,2,1
23,Random Block Graph with 11 blocks of order 3,2,4,2,1
24,"2D Grid Graph for [2, 12]",1,2,4,4
24,"2D Grid Graph for [2, 12]",1,3,3,4
24,"2D Grid Graph for [2, 12]",1,4,3,3
24,"2D Grid Graph for [2, 12]",2,2,1,3
24,"2D Grid Graph for [2, 12]",2,3,3,3
24,"2D Grid Graph for [2, 12]",2,4,3,3
24,Circular Ladder graph,1,2,4,4
24,Circular Ladder graph,1,3,4,4
24,Circular Ladder graph,1,4,4,4
24,Circular Ladder graph,2,2,2,3
24,Circular Ladder graph,2,3,3,2
24,Circular Ladder graph,2,4,3,2
24,"2D Grid Graph for [3, 8]",1,2,3,4
24,"2D Grid Graph for [3, 8]",1,3,3,3
24,"2D Grid Graph for [3, 8]",1,4,3,3
24,"2D Grid Graph for [3, 8]",2,2,3,3
24,"2D Grid Graph for [3, 8]",2,3,3,3
24,"2D Grid Graph for [3, 8]",2,4,3,3
24,"2D Grid Graph for [8, 3]",1,2,3,4
24,"2D Grid Graph for [8, 3]",1,3,3,5
24,"2D Grid Graph for [8, 3]",1,4,3,4
24,"2D Grid Graph for [8, 3]",2,2,2,3
24,"2D Grid Graph for [8, 3]",2,3,2,3
24,"2D Grid Graph for [8, 3]",2,4,3,3
24,"2D Grid Graph for [4, 6]",1,2,4,4
24,"2D Grid Graph for [4, 6]",1,3,4,4
24,"2D Grid Graph for [4, 6]",1,4,4,3
24,"2D Grid Graph for [4, 6]",2,2,3,2
24,"2D Grid Graph for [4, 6]",2,3,3,3
24,"2D Grid Graph for [4, 6]",2,4,3,3
24,"2D Grid Graph for [6, 4]",1,2,4,4
24,"2D Grid Graph for [6, 4]",1,3,4,3
24,"2D Grid Graph for [6, 4]",1,4,4,3
24,"2D Grid Graph for [6, 4]",2,2,3,2
24,"2D Grid Graph for [6, 4]",2,3,3,3
24,"2D Grid Graph for [6, 4]",2,4,3,2
24,,1,2,5,4
24,,1,3,4,4
24,,1,4,3,3
24,,2,2,4,4
24,,2,3,4,3
24,,2,4,3,3
24,,1,2,5,4
24,,1,3,4,3
24,,1,4,3,3
24,,2,2,3,4
24,,2,3,3,3
24,,2,4,3,3
25,Random Block Graph with 12 blocks of order 3,1,2,2,2
25,Random Block Graph with 12 blocks of order 3,1,3,2,1
25,Random Block Graph with 12 blocks of order 3,1,4,2,3
25,Random Block Graph with 12 blocks of order 3,2,2,1,1
25,Random Block Graph with 12 blocks of order 3,2,3,2,2
25,Random Block Graph with 12 blocks of order 3,2,4,2,2
25,"2D Grid Graph for [5, 5]",1,2,4,5
25,"2D Grid Graph for [5, 5]",1,3,5,4
25,"2D Grid Graph for [5, 5]",1,4,4,3
25,"2D Grid Graph for [5, 5]",2,2,2,3
25,"2D Grid Graph for [5, 5]",2,3,3,3
25,"2D Grid Graph for [5, 5]",2,4,3,3
25,Random Block Graph with 8 blocks of order 4,1,2,2,1
25,Random Block Graph with 8 blocks of order 4,1,3,2,2
25,Random Block Graph with 8 blocks of order 4,1,4,2,2
25,Random Block Graph with 8 blocks of order 4,2,2,1,1
25,Random Block Graph with 8 blocks of order 4,2,3,1,1
25,Random Block Graph with 8 blocks of order 4,2,4,1,1
25,,1,2,4,4
25,,1,3,4,3
25,,1,4,2,3
25,,2,2,4,3
25,,2,3,3,3
25,,2,4,3,3
25,Random Block Graph with 6 blocks of order 5,1,2,1,2
25,Random Block Graph with 6 blocks of order 5,1,3,2,1
25,Random Block Graph with 6 blocks of order 5,1,4,2,2
25,Random Block Graph with 6 blocks of order 5,2,2,2,1
25,Random Block Graph with 6 blocks of order 5,2,3,1,1
25,Random Block Graph with 6 blocks of order 5,2,4,1,1
25,Random Block Graph with 4 blocks of order 7,1,2,2,1
25,Random Block Graph with 4 blocks of order 7,1,3,2,1
25,Random Block Graph with 4 blocks of order 7,1,4,1,1
25,Random Block Graph with 4 blocks of order 7,2,2,1,1
25,Random Block Graph with 4 blocks of order 7,2,3,1,1
25,Random Block Graph with 4 blocks of order 7,2,4,1,1
25,Random Block Graph with 3 blocks of order 9,1,2,1,1
25,Random Block Graph with 3 blocks of order 9,1,3,1,1
25,Random Block Graph with 3 blocks of order 9,1,4,1,1
25,Random Block Graph with 3 blocks of order 9,2,2,1,1
25,Random Block Graph with 3 blocks of order 9,2,3,1,1
25,Random Block Graph with 3 blocks of order 9,2,4,1,1
26,"2D Grid Graph for [2, 13]",1,2,4,4
26,"2D Grid Graph for [2, 13]",1,3,3,3
26,"2D Grid Graph for [2, 13]",1,4,3,5
26,"2D Grid Graph for [2, 13]",2,2,3,3
26,"2D Grid Graph for [2, 13]",2,3,3,3
26,"2D Grid Graph for [2, 13]",2,4,2,3
26,Circular Ladder graph,1,2,4,4
26,Circular Ladder graph,1,3,4,4
26,Circular Ladder graph,1,4,4,4
26,Circular Ladder graph,2,2,3,2
26,Circular Ladder graph,2,3,2,2
26,Circular Ladder graph,2,4,4,2
26,Random Block Graph with 5 blocks of order 6,1,2,2,2
26,Random Block Graph with 5 blocks of order 6,1,3,2,2
26,Random Block Graph with 5 blocks of order 6,1,4,1,2
26,Random Block Graph with 5 blocks of order 6,2,2,1,1
26,Random Block Graph with 5 blocks of order 6,2,3,2,1
26,Random Block Graph with 5 blocks of order 6,2,4,1,1
27,Random Block Graph with 13 blocks of order 3,1,2,2,2
27,Random Block Graph with 13 blocks of order 3,1,3,3,2
27,Random Block Graph with 13 blocks of order 3,1,4,2,2
27,Random Block Graph with 13 blocks of order 3,2,2,1,2
27,Random Block Graph with 13 blocks of order 3,2,3,2,2
27,Random Block Graph with 13 blocks of order 3,2,4,2,2
27,"2D Grid Graph for [3, 9]",1,2,4,3
27,"2D Grid Graph for [3, 9]",1,3,3,3
27,"2D Grid Graph for [3, 9]",1,4,3,4
27,"2D Grid Graph for [3, 9]",2,2,2,4
27,"2D Grid Graph for [3, 9]",2,3,3,3
27,"2D Grid Graph for [3, 9]",2,4,2,3
27,"2D Grid Graph for [9, 3]",1,2,4,3
27,"2D Grid Graph for [9, 3]",1,3,4,4
27,"2D Grid Graph for [9, 3]",1,4,3,3
27,"2D Grid Graph for [9, 3]",2,2,3,3
27,"2D Grid Graph for [9, 3]",2,3,3,2
27,"2D Grid Graph for [9, 3]",2,4,3,3
28,"2D Grid Graph for [2, 14]",1,2,4,2
28,"2D Grid Graph for [2, 14]",1,3,2,5
28,"2D Grid Graph for [2, 14]",1,4,3,4
28,"2D Grid Graph for [2, 14]",2,2,2,2
28,"2D Grid Graph for [2, 14]",2,3,3,3
28,"2D Grid Graph for [2, 14]",2,4,4,3
28,Circular Ladder graph,1,2,4,4
28,Circular Ladder graph,1,3,4,4
28,Circular Ladder graph,1,4,4,4
28,Circular Ladder graph,2,2,3,3
28,Circular Ladder graph,2,3,3,4
28,Circular Ladder graph,2,4,3,3
28,"2D Grid Graph for [4, 7]",1,2,4,4
28,"2D Grid Graph for [4, 7]",1,3,4,4
28,"2D Grid Graph for [4, 7]",1,4,4,4
28,"2D Grid Graph for [4, 7]",2,2,3,3
28,"2D Grid Graph for [4, 7]",2,3,3,2
28,"2D Grid Graph for [4, 7]",2,4,3,3
28,"2D Grid Graph for [7, 4]",1,2,4,4
28,"2D Grid Graph for [7, 4]",1,3,4,4
28,"2D Grid Graph for [7, 4]",1,4,4,4
28,"2D Grid Graph for [7, 4]",2,2,2,3
28,"2D Grid Graph for [7, 4]",2,3,3,4
28,"2D Grid Graph for [7, 4]",2,4,4,4
28,Random Block Graph with 9 blocks of order 4,1,2,3,2
28,Random Block Graph with 9 blocks of order 4,1,3,2,2
28,Random Block Graph with 9 blocks of order 4,1,4,2,2
28,Random Block Graph with 9 blocks of order 4,2,2,2,1
28,Random Block Graph with 9 blocks of order 4,2,3,1,2
28,Random Block Graph with 9 blocks of order 4,2,4,2,2
28,,1,2,6,4
28,,1,3,3,4
28,,1,4,4,3
28,,2,2,4,4
28,,2,3,4,4
28,,2,4,4,3
28,,1,2,5,4
28,,1,3,3,5
28,,1,4,4,3
28,,2,2,4,4
28,,2,3,4,3
28,,2,4,3,3
28,Random Block Graph with 3 blocks of order 10,1,2,1,1
28,Random Block Graph with 3 blocks of order 10,1,3,1,1
28,Random Block Graph with 3 blocks of order 10,1,4,1,1
28,Random Block Graph with 3 blocks of order 10,2,2,1,1
28,Random Block Graph with 3 blocks of order 10,2,3,1,1
28,Random Block Graph with 3 blocks of order 10,2,4,1,1
29,Random Block Graph with 14 blocks of order 3,1,2,3,2
29,Random Block Graph with 14 blocks of order 3,1,3,1,3
29,Random Block Graph with 14 blocks of order 3,1,4,2,3
29,Random Block Graph with 14 blocks of order 3,2,2,1,2
29,Random Block Graph with 14 blocks of order 3,2,3,2,3
29,Random Block Graph with 14 blocks of order 3,2,4,1,2
29,Random Block Graph with 7 blocks of order 5,1,2,2,2
29,Random Block Graph with 7 blocks of order 5,1,3,2,2
29,Random Block Graph with 7 blocks of order 5,1,4,2,2
29,Random Block Graph with 7 blocks of order 5,2,2,1,1
29,Random Block Graph with 7 blocks of order 5,2,3,1,1
29,Random Block Graph with 7 blocks of order 5,2,4,2,2
29,Random Block Graph with 4 blocks of order 8,1,2,2,1
29,Random Block Graph with 4 blocks of order 8,1,3,1,2
29,Random Block Graph with 4 blocks of order 8,1,4,2,2
29,Random Block Graph with 4 blocks of order 8,2,2,1,1
29,Random Block Graph with 4 blocks of order 8,2,3,1,1
29,Random Block Graph with 4 blocks of order 8,2,4,1,1
30,Circular Ladder graph,1,2,4,5
30,Circular Ladder graph,1,3,4,4
30,Circular Ladder graph,1,4,4,5
30,Circular Ladder graph,2,2,3,4
30,Circular Ladder graph,2,3,2,3
30,Circular Ladder graph,2,4,3,3
30,"2D Grid Graph for [3, 10]",1,2,4,3
30,"2D Grid Graph for [3, 10]",1,3,3,3
30,"2D Grid Graph for [3, 10]",1,4,4,4
30,"2D Grid Graph for [3, 10]",2,2,4,4
30,"2D Grid Graph for [3, 10]",2,3,2,4
30,"2D Grid Graph for [3, 10]",2,4,3,3
30,"2D Grid Graph for [10, 3]",1,2,6,3
30,"2D Grid Graph for [10, 3]",1,3,4,3
30,"2D Grid Graph for [10, 3]",1,4,5,4
30,"2D Grid Graph for [10, 3]",2,2,4,3
30,"2D Grid Graph for [10, 3]",2,3,3,3
30,"2D Grid Graph for [10, 3]",2,4,3,3
30,"2D Grid Graph for [5, 6]",1,2,5,5
30,"2D Grid Graph for [5, 6]",1,3,5,5
30,"2D Grid Graph for [5, 6]",1,4,4,4
30,"2D Grid Graph for [5, 6]",2,2,3,2
30,"2D Grid Graph for [5, 6]",2,3,3,4
30,"2D Grid Graph for [5, 6]",2,4,4,3
30,"2D Grid Graph for [6, 5]",1,2,5,5
30,"2D Grid Graph for [6, 5]",1,3,5,4
30,"2D Grid Graph for [6, 5]",1,4,4,3
30,"2D Grid Graph for [6, 5]",2,2,4,4
30,"2D Grid Graph for [6, 5]",2,3,3,3
30,"2D Grid Graph for [6, 5]",2,4,3,3
30,,1,2,5,5
30,,1,3,4,4
30,,1,4,4,3
30,,2,2,5,5
30,,2,3,4,3
30,,2,4,3,3
30,,1,2,5,5
30,,1,3,4,4
30,,1,4,3,3
30,,2,2,5,5
30,,2,3,4,4
30,,2,4,4,3
31,Random Block Graph with 10 blocks of order 4,1,2,3,3
31,Random Block Graph with 10 blocks of order 4,1,3,2,3
31,Random Block Graph with 10 blocks of order 4,1,4,2,2
31,Random Block Graph with 10 blocks of order 4,2,2,2,2
31,Random Block Graph with 10 blocks of order 4,2,3,2,1
31,Random Block Graph with 10 blocks of order 4,2,4,2,3
31,Random Block Graph with 6 blocks of order 6,1,2,2,2
31,Random Block Graph with 6 blocks of order 6,1,3,2,2
31,Random Block Graph with 6 blocks of order 6,1,4,2,1
31,Random Block Graph with 6 blocks of order 6,2,2,1,2
31,Random Block Graph with 6 blocks of order 6,2,3,2,2
31,Random Block Graph with 6 blocks of order 6,2,4,1,1
31,Random Block Graph with 5 blocks of order 7,1,2,2,2
31,Random Block Graph with 5 blocks of order 7,1,3,2,2
31,Random Block Graph with 5 blocks of order 7,1,4,1,2
31,Random Block Graph with 5 blocks of order 7,2,2,1,1
31,Random Block Graph with 5 blocks of order 7,2,3,2,1
31,Random Block Graph with 5 blocks of order 7,2,4,1,1
31,Random Block Graph with 3 blocks of order 11,1,2,1,2
31,Random Block Graph with 3 blocks of order 11,1,3,1,1
31,Random Block Graph with 3 blocks of order 11,1,4,1,1
31,Random Block Graph with 3 blocks of order 11,2,2,1,1
31,Random Block Graph with 3 blocks of order 11,2,3,1,1
31,Random Block Graph with 3 blocks of order 11,2,4,1,1
32,Circular Ladder graph,1,2,4,4
32,Circular Ladder graph,1,3,4,4
32,Circular Ladder graph,1,4,4,4
32,Circular Ladder graph,2,2,4,4
32,Circular Ladder graph,2,3,4,3
32,Circular Ladder graph,2,4,3,3
32,"2D Grid Graph for [4, 8]",1,2,5,4
32,"2D Grid Graph for [4, 8]",1,3,5,5
32,"2D Grid Graph for [4, 8]",1,4,4,4
32,"2D Grid Graph for [4, 8]",2,2,4,4
32,"2D Grid Graph for [4, 8]",2,3,2,3
32,"2D Grid Graph for [4, 8]",2,4,4,4
32,"2D Grid Graph for [8, 4]",1,2,4,4
32,"2D Grid Graph for [8, 4]",1,3,4,4
32,"2D Grid Graph for [8, 4]",1,4,4,5
32,"2D Grid Graph for [8, 4]",2,2,4,3
32,"2D Grid Graph for [8, 4]",2,3,4,4
32,"2D Grid Graph for [8, 4]",2,4,4,3
32,,1,2,6,5
32,,1,3,5,4
32,,1,4,3,4
32,,2,2,4,5
32,,2,3,4,4
32,,2,4,4,3
32,,1,2,4,6
32,,1,3,3,6
32,,1,4,3,3
32,,2,2,4,4
32,,2,3,4,4
32,,2,4,4,4
33,"2D Grid Graph for [3, 11]",1,2,4,4
33,"2D Grid Graph for [3, 11]",1,3,4,5
33,"2D Grid Graph for [3, 11]",1,4,3,3
33,"2D Grid Graph for [3, 11]",2,2,3,4
33,"2D Grid Graph for [3, 11]",2,3,3,3
33,"2D Grid Graph for [3, 11]",2,4,3,5
33,"2D Grid Graph for [11, 3]",1,2,5,4
33,"2D Grid Graph for [11, 3]",1,3,6,4
33,"2D Grid Graph for [11, 3]",1,4,4,3
33,"2D Grid Graph for [11, 3]",2,2,3,2
33,"2D Grid Graph for [11, 3]",2,3,4,3
33,"2D Grid Graph for [11, 3]",2,4,3,2
33,Random Block Graph with 8 blocks of order 5,1,2,2,2
33,Random Block Graph with 8 blocks of order 5,1,3,2,2
33,Random Block Graph with 8 blocks of order 5,1,4,1,2
33,Random Block Graph with 8 blocks of order 5,2,2,1,1
33,Random Block Graph with 8 blocks of order 5,2,3,1,1
33,Random Block Graph with 8 blocks of order 5,2,4,1,1
33,Random Block Graph with 4 blocks of order 9,1,2,1,1
33,Random Block Graph with 4 blocks of order 9,1,3,2,1
33,Random Block Graph with 4 blocks of order 9,1,4,1,1
33,Random Block Graph with 4 blocks of order 9,2,2,1,1
33,Random Block Graph with 4 blocks of order 9,2,3,1,1
33,Random Block Graph with 4 blocks of order 9,2,4,1,1
34,Circular Ladder graph,1,2,5,5
34,Circular Ladder graph,1,3,4,5
34,Circular Ladder graph,1,4,8,5
34,Circular Ladder graph,2,2,4,3
34,Circular Ladder graph,2,3,4,3
34,Circular Ladder graph,2,4,3,3
34,Random Block Graph with 11 blocks of order 4,1,2,2,2
34,Random Block Graph with 11 blocks of order 4,1,3,2,2
34,Random Block Graph with 11 blocks of order 4,1,4,2,2
34,Random Block Graph with 11 blocks of order 4,2,2,2,1
34,Random Block Graph with 11 blocks of order 4,2,3,1,2
34,Random Block Graph with 11 blocks of order 4,2,4,2,2
34,Random Block Graph with 3 blocks of order 12,1,2,1,2
34,Random Block Graph with 3 blocks of order 12,1,3,2,1
34,Random Block Graph with 3 blocks of order 12,1,4,1,1
34,Random Block Graph with 3 blocks of order 12,2,2,1,1
34,Random Block Graph with 3 blocks of order 12,2,3,1,1
34,Random Block Graph with 3 blocks of order 12,2,4,1,1
35,"2D Grid Graph for [5, 7]",1,2,5,5
35,"2D Grid Graph for [5, 7]",1,3,6,6
35,"2D Grid Graph for [5, 7]",1,4,4,4
35,"2D Grid Graph for [5, 7]",2,2,4,4
35,"2D Grid Graph for [5, 7]",2,3,4,4
35,"2D Grid Graph for [5, 7]",2,4,3,4
35,"2D Grid Graph for [7, 5]",1,2,5,5
35,"2D Grid Graph for [7, 5]",1,3,4,5
35,"2D Grid Graph for [7, 5]",1,4,4,5
35,"2D Grid Graph for [7, 5]",2,2,3,3
35,"2D Grid Graph for [7, 5]",2,3,3,4
35,"2D Grid Graph for [7, 5]",2,4,4,3
35,,1,2,4,5
35,,1,3,4,5
35,,1,4,4,4
35,,2,2,4,4
35,,2,3,5,3
35,,2,4,3,4
35,,1,2,6,5
35,,1,3,5,4
35,,1,4,4,4
35,,2,2,6,4
35,,2,3,4,5
35,,2,4,3,4
36,Circular Ladder graph,1,2,5,5
36,Circular Ladder graph,1,3,4,4
36,Circular Ladder graph,1,4,4,6
36,Circular Ladder graph,2,2,3,2
36,Circular Ladder graph,2,3,4,2
36,Circular Ladder graph,2,4,3,3
36,"2D Grid Graph for [3, 12]",1,2,4,5
36,"2D Grid Graph for [3, 12]",1,3,6,6
36,"2D Grid Graph for [3, 12]",1,4,4,4
36,"2D Grid Graph for [3, 12]",2,2,3,3
36,"2D Grid Graph for [3, 12]",2,3,4,3
36,"2D Grid Graph for [3, 12]",2,4,4,2
36,"2D Grid Graph for [12, 3]",1,2,6,6
36,"2D Grid Graph for [12, 3]",1,3,5,3
36,"2D Grid Graph for [12, 3]",1,4,4,6
36,"2D Grid Graph for [12, 3]",2,2,3,3
36,"2D Grid Graph for [12, 3]",2,3,3,3
36,"2D Grid Graph for [12, 3]",2,4,3,4
36,"2D Grid Graph for [4, 9]",1,2,5,4
36,"2D Grid Graph for [4, 9]",1,3,5,5
36,"2D Grid Graph for [4, 9]",1,4,4,4
36,"2D Grid Graph for [4, 9]",2,2,4,3
36,"2D Grid Graph for [4, 9]",2,3,3,3
36,"2D Grid Graph for [4, 9]",2,4,3,3
36,"2D Grid Graph for [9, 4]",1,2,5,4
36,"2D Grid Graph for [9, 4]",1,3,4,4
36,"2D Grid Graph for [9, 4]",1,4,4,4
36,"2D Grid Graph for [9, 4]",2,2,3,3
36,"2D Grid Graph for [9, 4]",2,3,3,4
36,"2D Grid Graph for [9, 4]",2,4,4,3
36,"2D Grid Graph for [6, 6]",1,2,6,6
36,"2D Grid Graph for [6, 6]",1,3,4,6
36,"2D Grid Graph for [6, 6]",1,4,5,5
36,"2D Grid Graph for [6, 6]",2,2,3,2
36,"2D Grid Graph for [6, 6]",2,3,5,4
36,"2D Grid Graph for [6, 6]",2,4,4,3
36,,1,2,6,6
36,,1,3,5,5
36,,1,4,4,3
36,,2,2,4,4
36,,2,3,4,4
36,,2,4,4,4
36,,1,2,5,5
36,,1,3,4,5
36,,1,4,4,4
36,,2,2,5,5
36,,2,3,5,4
36,,2,4,4,4
36,,1,2,6,6
36,,1,3,6,6
36,,1,4,5,5
36,,2,2,4,4
36,,2,3,4,4
36,,2,4,4,4
36,Random Block Graph with 7 blocks of order 6,1,2,2,2
36,Random Block Graph with 7 blocks of order 6,1,3,2,2
36,Random Block Graph with 7 blocks of order 6,1,4,2,2
36,Random Block Graph with 7 blocks of order 6,2,2,1,1
36,Random Block Graph with 7 blocks of order 6,2,3,1,1
36,Random Block Graph with 7 blocks of order 6,2,4,1,1
36,Random Block Graph with 5 blocks of order 8,1,2,1,2
36,Random Block Graph with 5 blocks of order 8,1,3,1,2
36,Random Block Graph with 5 blocks of order 8,1,4,2,1
36,Random Block Graph with 5 blocks of order 8,2,2,1,1
36,Random Block Graph with 5 blocks of order 8,2,3,1,1
36,Random Block Graph with 5 blocks of order 8,2,4,1,1
37,Random Block Graph with 12 blocks of order 4,1,2,2,2
37,Random Block Graph with 12 blocks of order 4,1,3,2,2
37,Random Block Graph with 12 blocks of order 4,1,4,2,3
37,Random Block Graph with 12 blocks of order 4,2,2,2,1
37,Random Block Graph with 12 blocks of order 4,2,3,2,2
37,Random Block Graph with 12 blocks of order 4,2,4,2,2
37,Random Block Graph with 9 blocks of order 5,1,2,1,2
37,Random Block Graph with 9 blocks of order 5,1,3,2,2
37,Random Block Graph with 9 blocks of order 5,1,4,2,2
37,Random Block Graph with 9 blocks of order 5,2,2,1,1
37,Random Block Graph with 9 blocks of order 5,2,3,2,2
37,Random Block Graph with 9 blocks of order 5,2,4,1,2
37,Random Block Graph with 6 blocks of order 7,1,2,2,2
37,Random Block Graph with 6 blocks of order 7,1,3,4,2
37,Random Block Graph with 6 blocks of order 7,1,4,2,2
37,Random Block Graph with 6 blocks of order 7,2,2,2,1
37,Random Block Graph with 6 blocks of order 7,2,3,1,2
37,Random Block Graph with 6 blocks of order 7,2,4,2,2
37,Random Block Graph with 4 blocks of order 10,1,2,2,2
37,Random Block Graph with 4 blocks of order 10,1,3,2,2
37,Random Block Graph with 4 blocks of order 10,1,4,2,2
37,Random Block Graph with 4 blocks of order 10,2,2,1,1
37,Random Block Graph with 4 blocks of order 10,2,3,1,1
37,Random Block Graph with 4 blocks of order 10,2,4,1,1
37,Random Block Graph with 3 blocks of order 13,1,2,1,1
37,Random Block Graph with 3 blocks of order 13,1,3,1,1
37,Random Block Graph with 3 blocks of order 13,1,4,1,1
37,Random Block Graph with 3 blocks of order 13,2,2,1,1
37,Random Block Graph with 3 blocks of order 13,2,3,1,1
37,Random Block Graph with 3 blocks of order 13,2,4,1,1
38,Circular Ladder graph,1,2,6,4
38,Circular Ladder graph,1,3,4,4
38,Circular Ladder graph,1,4,4,5
38,Circular Ladder graph,2,2,4,3
38,Circular Ladder graph,2,3,4,3
38,Circular Ladder graph,2,4,3,3
39,"2D Grid Graph for [3, 13]",1,2,4,6
39,"2D Grid Graph for [3, 13]",1,3,4,6
39,"2D Grid Graph for [3, 13]",1,4,3,3
39,"2D Grid Graph for [3, 13]",2,2,3,4
39,"2D Grid Graph for [3, 13]",2,3,3,4
39,"2D Grid Graph for [3, 13]",2,4,3,3
39,"2D Grid Graph for [13, 3]",1,2,6,4
39,"2D Grid Graph for [13, 3]",1,3,3,4
39,"2D Grid Graph for [13, 3]",1,4,5,5
39,"2D Grid Graph for [13, 3]",2,2,3,3
39,"2D Grid Graph for [13, 3]",2,3,6,4
39,"2D Grid Graph for [13, 3]",2,4,3,4
40,Circular Ladder graph,1,2,4,4
40,Circular Ladder graph,1,3,5,4
40,Circular Ladder graph,1,4,5,4
40,Circular Ladder graph,2,2,2,4
40,Circular Ladder graph,2,3,5,4
40,Circular Ladder graph,2,4,5,5
40,"2D Grid Graph for [4, 10]",1,2,5,5
40,"2D Grid Graph for [4, 10]",1,3,6,5
40,"2D Grid Graph for [4, 10]",1,4,5,4
40,"2D Grid Graph for [4, 10]",2,2,3,3
40,"2D Grid Graph for [4, 10]",2,3,4,4
40,"2D Grid Graph for [4, 10]",2,4,3,4
40,"2D Grid Graph for [10, 4]",1,2,5,5
40,"2D Grid Graph for [10, 4]",1,3,4,5
40,"2D Grid Graph for [10, 4]",1,4,4,6
40,"2D Grid Graph for [10, 4]",2,2,4,4
40,"2D Grid Graph for [10, 4]",2,3,4,4
40,"2D Grid Graph for [10, 4]",2,4,3,3
40,"2D Grid Graph for [5, 8]",1,2,4,5
40,"2D Grid Graph for [5, 8]",1,3,5,5
40,"2D Grid Graph for [5, 8]",1,4,5,5
40,"2D Grid Graph for [5, 8]",2,2,3,5
40,"2D Grid Graph for [5, 8]",2,3,4,3
40,"2D Grid Graph for [5, 8]",2,4,3,3
40,"2D Grid Graph for [8, 5]",1,2,5,5
40,"2D Grid Graph for [8, 5]",1,3,5,5
40,"2D Grid Graph for [8, 5]",1,4,4,5
40,"2D Grid Graph for [8, 5]",2,2,4,4
40,"2D Grid Graph for [8, 5]",2,3,4,4
40,"2D Grid Graph for [8, 5]",2,4,5,3
40,Random Block Graph with 13 blocks of order 4,1,2,3,3
40,Random Block Graph with 13 blocks of order 4,1,3,4,2
40,Random Block Graph with 13 blocks of order 4,1,4,2,2
40,Random Block Graph with 13 blocks of order 4,2,2,1,2
40,Random Block Graph with 13 blocks of order 4,2,3,2,2
40,Random Block Graph with 13 blocks of order 4,2,4,2,2
40,,1,2,9,7
40,,1,3,4,4
40,,1,4,5,5
40,,2,2,4,4
40,,2,3,4,4
40,,2,4,4,4
40,,1,2,6,6
40,,1,3,4,5
40,,1,4,4,5
40,,2,2,5,5
40,,2,3,3,5
40,,2,4,5,4
40,,1,2,6,5
40,,1,3,4,6
40,,1,4,5,4
40,,2,2,5,5
40,,2,3,6,6
40,,2,4,5,4
40,,1,2,5,4
40,,1,3,8,6
40,,1,4,5,4
40,,2,2,5,4
40,,2,3,4,5
40,,2,4,4,5
40,Random Block Graph with 3 blocks of order 14,1,2,2,2
40,Random Block Graph with 3 blocks of order 14,1,3,1,1
40,Random Block Graph with 3 blocks of order 14,1,4,1,1
40,Random Block Graph with 3 blocks of order 14,2,2,1,1
40,Random Block Graph with 3 blocks of order 14,2,3,1,1
40,Random Block Graph with 3 blocks of order 14,2,4,1,1
41,Random Block Graph with 10 blocks of order 5,1,2,2,2
41,Random Block Graph with 10 blocks of order 5,1,3,4,3
41,Random Block Graph with 10 blocks of order 5,1,4,2,2
41,Random Block Graph with 10 blocks of order 5,2,2,1,2
41,Random Block Graph with 10 blocks of order 5,2,3,2,2
41,Random Block Graph with 10 blocks of order 5,2,4,2,2
41,Random Block Graph with 8 blocks of order 6,1,2,1,2
41,Random Block Graph with 8 blocks of order 6,1,3,2,2
41,Random Block Graph with 8 blocks of order 6,1,4,2,3
41,Random Block Graph with 8 blocks of order 6,2,2,2,1
41,Random Block Graph with 8 blocks of order 6,2,3,2,1
41,Random Block Graph with 8 blocks of order 6,2,4,2,2
41,Random Block Graph with 5 blocks of order 9,1,2,2,1
41,Random Block Graph with 5 blocks of order 9,1,3,2,1
41,Random Block Graph with 5 blocks of order 9,1,4,1,1
41,Random Block Graph with 5 blocks of order 9,2,2,1,2
41,Random Block Graph with 5 blocks of order 9,2,3,2,1
41,Random Block Graph with 5 blocks of order 9,2,4,1,1
41,Random Block Graph with 4 blocks of order 11,1,2,2,2
41,Random Block Graph with 4 blocks of order 11,1,3,1,2
41,Random Block Graph with 4 blocks of order 11,1,4,1,1
41,Random Block Graph with 4 blocks of order 11,2,2,1,2
41,Random Block Graph with 4 blocks of order 11,2,3,1,1
41,Random Block Graph with 4 blocks of order 11,2,4,1,1
42,Circular Ladder graph,1,2,4,6
42,Circular Ladder graph,1,3,5,7
42,Circular Ladder graph,1,4,4,4
42,Circular Ladder graph,2,2,3,4
42,Circular Ladder graph,2,3,3,4
42,Circular Ladder graph,2,4,3,4
42,"2D Grid Graph for [3, 14]",1,2,5,5
42,"2D Grid Graph for [3, 14]",1,3,5,6
42,"2D Grid Graph for [3, 14]",1,4,4,3
42,"2D Grid Graph for [3, 14]",2,2,3,4
42,"2D Grid Graph for [3, 14]",2,3,4,3
42,"2D Grid Graph for [3, 14]",2,4,4,5
42,"2D Grid Graph for [14, 3]",1,2,6,6
42,"2D Grid Graph for [14, 3]",1,3,5,6
42,"2D Grid Graph for [14, 3]",1,4,4,7
42,"2D Grid Graph for [14, 3]",2,2,3,4
42,"2D Grid Graph for [14, 3]",2,3,4,4
42,"2D Grid Graph for [14, 3]",2,4,4,3
42,"2D Grid Graph for [6, 7]",1,2,7,6
42,"2D Grid Graph for [6, 7]",1,3,5,6
42,"2D Grid Graph for [6, 7]",1,4,6,6
42,"2D Grid Graph for [6, 7]",2,2,4,4
42,"2D Grid Graph for [6, 7]",2,3,4,4
42,"2D Grid Graph for [6, 7]",2,4,4,5
42,"2D Grid Graph for [7, 6]",1,2,6,7
42,"2D Grid Graph for [7, 6]",1,3,5,5
42,"2D Grid Graph for [7, 6]",1,4,4,6
42,"2D Grid Graph for [7, 6]",2,2,4,3
42,"2D Grid Graph for [7, 6]",2,3,3,4
42,"2D Grid Graph for [7, 6]",2,4,4,5
42,,1,2,7,6
42,,1,3,5,5
42,,1,4,5,4
42,,2,2,6,5
42,,2,3,4,6
42,,2,4,5,4
42,,1,2,5,4
42,,1,3,5,5
42,,1,4,5,5
42,,2,2,5,5
42,,2,3,5,5
42,,2,4,4,4
43,Random Block Graph with 14 blocks of order 4,1,2,2,3
43,Random Block Graph with 14 blocks of order 4,1,3,3,2
43,Random Block Graph with 14 blocks of order 4,1,4,2,3
43,Random Block Graph with 14 blocks of order 4,2,2,2,2
43,Random Block Graph with 14 blocks of order 4,2,3,2,2
43,Random Block Graph with 14 blocks of order 4,2,4,2,2
43,Random Block Graph with 7 blocks of order 7,1,2,3,2
43,Random Block Graph with 7 blocks of order 7,1,3,2,2
43,Random Block Graph with 7 blocks of order 7,1,4,2,2
43,Random Block Graph with 7 blocks of order 7,2,2,2,1
43,Random Block Graph with 7 blocks of order 7,2,3,1,2
43,Random Block Graph with 7 blocks of order 7,2,4,2,2
43,Random Block Graph with 6 blocks of order 8,1,2,1,2
43,Random Block Graph with 6 blocks of order 8,1,3,2,2
43,Random Block Graph with 6 blocks of order 8,1,4,2,2
43,Random Block Graph with 6 blocks of order 8,2,2,1,2
43,Random Block Graph with 6 blocks of order 8,2,3,1,1
43,Random Block Graph with 6 blocks of order 8,2,4,1,1
44,Circular Ladder graph,1,2,6,5
44,Circular Ladder graph,1,3,5,4
44,Circular Ladder graph,1,4,6,6
44,Circular Ladder graph,2,2,4,3
44,Circular Ladder graph,2,3,4,4
44,Circular Ladder graph,2,4,3,4
44,"2D Grid Graph for [4, 11]",1,2,5,5
44,"2D Grid Graph for [4, 11]",1,3,4,5
44,"2D Grid Graph for [4, 11]",1,4,5,5
44,"2D Grid Graph for [4, 11]",2,2,3,3
44,"2D Grid Graph for [4, 11]",2,3,4,5
44,"2D Grid Graph for [4, 11]",2,4,4,4
44,"2D Grid Graph for [11, 4]",1,2,5,6
44,"2D Grid Graph for [11, 4]",1,3,5,5
44,"2D Grid Graph for [11, 4]",1,4,4,4
44,"2D Grid Graph for [11, 4]",2,2,3,4
44,"2D Grid Graph for [11, 4]",2,3,4,3
44,"2D Grid Graph for [11, 4]",2,4,4,3
44,,1,2,8,8
44,,1,3,6,5
44,,1,4,5,5
44,,2,2,5,6
44,,2,3,6,4
44,,2,4,4,4
44,,1,2,6,8
44,,1,3,7,8
44,,1,4,4,4
44,,2,2,4,4
44,,2,3,5,4
44,,2,4,4,4
45,"2D Grid Graph for [5, 9]",1,2,6,6
45,"2D Grid Graph for [5, 9]",1,3,6,5
45,"2D Grid Graph for [5, 9]",1,4,5,5
45,"2D Grid Graph for [5, 9]",2,2,5,5
45,"2D Grid Graph for [5, 9]",2,3,4,3
45,"2D Grid Graph for [5, 9]",2,4,4,4
45,"2D Grid Graph for [9, 5]",1,2,5,6
45,"2D Grid Graph for [9, 5]",1,3,5,5
45,"2D Grid Graph for [9, 5]",1,4,5,5
45,"2D Grid Graph for [9, 5]",2,2,3,4
45,"2D Grid Graph for [9, 5]",2,3,3,5
45,"2D Grid Graph for [9, 5]",2,4,4,4
45,,1,2,6,7
45,,1,3,5,5
45,,1,4,4,4
45,,2,2,5,5
45,,2,3,5,4
45,,2,4,4,5
45,,1,2,7,5
45,,1,3,6,5
45,,1,4,5,4
45,,2,2,5,5
45,,2,3,5,5
45,,2,4,4,4
45,Random Block Graph with 11 blocks of order 5,1,2,3,2
45,Random Block Graph with 11 blocks of order 5,1,3,2,2
45,Random Block Graph with 11 blocks of order 5,1,4,3,3
45,Random Block Graph with 11 blocks of order 5,2,2,1,1
45,Random Block Graph with 11 blocks of order 5,2,3,2,2
45,Random Block Graph with 11 blocks of order 5,2,4,2,2
45,Random Block Graph with 4 blocks of order 12,1,2,1,2
45,Random Block Graph with 4 blocks of order 12,1,3,1,1
45,Random Block Graph with 4 blocks of order 12,1,4,1,2
45,Random Block Graph with 4 blocks of order 12,2,2,1,1
45,Random Block Graph with 4 blocks of order 12,2,3,1,2
45,Random Block Graph with 4 blocks of order 12,2,4,2,1
46,Circular Ladder graph,1,2,6,5
46,Circular Ladder graph,1,3,4,4
46,Circular Ladder graph,1,4,5,4
46,Circular Ladder graph,2,2,4,4
46,Circular Ladder graph,2,3,4,3
46,Circular Ladder graph,2,4,4,5
46,Random Block Graph with 9 blocks of order 6,1,2,2,2
46,Random Block Graph with 9 blocks of order 6,1,3,3,2
46,Random Block Graph with 9 blocks of order 6,1,4,3,2
46,Random Block Graph with 9 blocks of order 6,2,2,1,1
46,Random Block Graph with 9 blocks of order 6,2,3,2,2
46,Random Block Graph with 9 blocks of order 6,2,4,3,2
46,Random Block Graph with 5 blocks of order 10,1,2,2,1
46,Random Block Graph with 5 blocks of order 10,1,3,1,1
46,Random Block Graph with 5 blocks of order 10,1,4,2,2
46,Random Block Graph with 5 blocks of order 10,2,2,2,2
46,Random Block Graph with 5 blocks of order 10,2,3,3,1
46,Random Block Graph with 5 blocks of order 10,2,4,1,1
48,Circular Ladder graph,1,2,4,7
48,Circular Ladder graph,1,3,4,5
48,Circular Ladder graph,1,4,5,5
48,Circular Ladder graph,2,2,4,3
48,Circular Ladder graph,2,3,4,2
48,Circular Ladder graph,2,4,4,2
48,"2D Grid Graph for [4, 12]",1,2,5,6
48,"2D Grid Graph for [4, 12]",1,3,5,4
48,"2D Grid Graph for [4, 12]",1,4,4,6
48,"2D Grid Graph for [4, 12]",2,2,5,5
48,"2D Grid Graph for [4, 12]",2,3,4,5
48,"2D Grid Graph for [4, 12]",2,4,4,5
48,"2D Grid Graph for [12, 4]",1,2,5,4
48,"2D Grid Graph for [12, 4]",1,3,5,5
48,"2D Grid Graph for [12, 4]",1,4,4,5
48,"2D Grid Graph for [12, 4]",2,2,4,2
48,"2D Grid Graph for [12, 4]",2,3,4,4
48,"2D Grid Graph for [12, 4]",2,4,3,4
48,"2D Grid Graph for [6, 8]",1,2,6,6
48,"2D Grid Graph for [6, 8]",1,3,7,6
48,"2D Grid Graph for [6, 8]",1,4,5,4
48,"2D Grid Graph for [6, 8]",2,2,5,5
48,"2D Grid Graph for [6, 8]",2,3,5,5
48,"2D Grid Graph for [6, 8]",2,4,3,5
48,"2D Grid Graph for [8, 6]",1,2,6,6
48,"2D Grid Graph for [8, 6]",1,3,6,6
48,"2D Grid Graph for [8, 6]",1,4,5,6
48,"2D Grid Graph for [8, 6]",2,2,4,3
48,"2D Grid Graph for [8, 6]",2,3,4,4
48,"2D Grid Graph for [8, 6]",2,4,5,4
48,,1,2,7,8
48,,1,3,7,8
48,,1,4,6,5
48,,2,2,4,5
48,,2,3,4,4
48,,2,4,4,4
48,,1,2,6,6
48,,1,3,6,5
48,,1,4,6,5
48,,2,2,6,7
48,,2,3,5,5
48,,2,4,4,4
48,,1,2,6,6
48,,1,3,5,6
48,,1,4,5,5
48,,2,2,6,6
48,,2,3,5,5
48,,2,4,5,5
48,,1,2,8,8
48,,1,3,9,6
48,,1,4,4,4
48,,2,2,4,4
48,,2,3,4,4
48,,2,4,4,4
49,"2D Grid Graph for [7, 7]",1,2,7,6
49,"2D Grid Graph for [7, 7]",1,3,5,7
49,"2D Grid Graph for [7, 7]",1,4,4,6
49,"2D Grid Graph for [7, 7]",2,2,5,5
49,"2D Grid Graph for [7, 7]",2,3,4,5
49,"2D Grid Graph for [7, 7]",2,4,4,4
49,,1,2,6,6
49,,1,3,5,6
49,,1,4,5,5
49,,2,2,7,5
49,,2,3,6,5
49,,2,4,5,5
49,Random Block Graph with 12 blocks of order 5,1,2,2,2
49,Random Block Graph with 12 blocks of order 5,1,3,2,3
49,Random Block Graph with 12 blocks of order 5,1,4,2,2
49,Random Block Graph with 12 blocks of order 5,2,2,2,1
49,Random Block Graph with 12 blocks of order 5,2,3,2,2
49,Random Block Graph with 12 blocks of order 5,2,4,1,2
49,Random Block Graph with 8 blocks of order 7,1,2,2,2
49,Random Block Graph with 8 blocks of order 7,1,3,2,2
49,Random Block Graph with 8 blocks of order 7,1,4,2,2
49,Random Block Graph with 8 blocks of order 7,2,2,2,1
49,Random Block Graph with 8 blocks of order 7,2,3,2,1
49,Random Block Graph with 8 blocks of order 7,2,4,2,2
49,Random Block Graph with 6 blocks of order 9,1,2,1,2
49,Random Block Graph with 6 blocks of order 9,1,3,2,2
49,Random Block Graph with 6 blocks of order 9,1,4,2,2
49,Random Block Graph with 6 blocks of order 9,2,2,1,1
49,Random Block Graph with 6 blocks of order 9,2,3,2,2
49,Random Block Graph with 6 blocks of order 9,2,4,2,1
49,Random Block Graph with 4 blocks of order 13,1,2,2,2
49,Random Block Graph with 4 blocks of order 13,1,3,2,2
49,Random Block Graph with 4 blocks of order 13,1,4,1,1
49,Random Block Graph with 4 blocks of order 13,2,2,1,1
49,Random Block Graph with 4 blocks of order 13,2,3,1,1
49,Random Block Graph with 4 blocks of order 13,2,4,1,1
50,Circular Ladder graph,1,2,4,5
50,Circular Ladder graph,1,3,6,4
50,Circular Ladder graph,1,4,7,5
50,Circular Ladder graph,2,2,4,2
50,Circular Ladder graph,2,3,3,4
50,Circular Ladder graph,2,4,4,4
50,"2D Grid Graph for [5, 10]",1,2,6,5
50,"2D Grid Graph for [5, 10]",1,3,6,6
50,"2D Grid Graph for [5, 10]",1,4,5,5
50,"2D Grid Graph for [5, 10]",2,2,4,3
50,"2D Grid Graph for [5, 10]",2,3,5,4
50,"2D Grid Graph for [5, 10]",2,4,4,4
50,"2D Grid Graph for [10, 5]",1,2,6,6
50,"2D Grid Graph for [10, 5]",1,3,6,6
50,"2D Grid Graph for [10, 5]",1,4,6,5
50,"2D Grid Graph for [10, 5]",2,2,4,3
50,"2D Grid Graph for [10, 5]",2,3,4,4
50,"2D Grid Graph for [10, 5]",2,4,4,4
50,,1,2,5,6
50,,1,3,6,6
50,,1,4,5,4
50,,2,2,5,5
50,,2,3,5,5
50,,2,4,5,5
50,,1,2,6,8
50,,1,3,6,6
50,,1,4,7,6
50,,2,2,5,5
50,,2,3,5,5
50,,2,4,5,4
50,Random Block Graph with 7 blocks of order 8,1,2,2,2
50,Random Block Graph with 7 blocks of order 8,1,3,2,2
50,Random Block Graph with 7 blocks of order 8,1,4,2,2
50,Random Block Graph with 7 blocks of order 8,2,2,1,1
50,Random Block Graph with 7 blocks of order 8,2,3,2,3
50,Random Block Graph with 7 blocks of order 8,2,4,2,1
51,Random Block Graph with 10 blocks of order 6,1,2,2,3
51,Random Block Graph with 10 blocks of order 6,1,3,3,2
51,Random Block Graph with 10 blocks of order 6,1,4,2,3
51,Random Block Graph with 10 blocks of order 6,2,2,2,2
51,Random Block Graph with 10 blocks of order 6,2,3,2,2
51,Random Block Graph with 10 blocks of order 6,2,4,2,2
51,Random Block Graph with 5 blocks of order 11,1,2,1,2
51,Random Block Graph with 5 blocks of order 11,1,3,2,2
51,Random Block Graph with 5 blocks of order 11,1,4,1,2
51,Random Block Graph with 5 blocks of order 11,2,2,1,1
51,Random Block Graph with 5 blocks of order 11,2,3,1,1
51,Random Block Graph with 5 blocks of order 11,2,4,1,1
52,Circular Ladder graph,1,2,4,7
52,Circular Ladder graph,1,3,4,5
52,Circular Ladder graph,1,4,8,4
52,Circular Ladder graph,2,2,3,4
52,Circular Ladder graph,2,3,4,4
52,Circular Ladder graph,2,4,5,4
52,"2D Grid Graph for [4, 13]",1,2,4,8
52,"2D Grid Graph for [4, 13]",1,3,5,4
52,"2D Grid Graph for [4, 13]",1,4,4,4
52,"2D Grid Graph for [4, 13]",2,2,4,3
52,"2D Grid Graph for [4, 13]",2,3,5,3
52,"2D Grid Graph for [4, 13]",2,4,3,4
52,"2D Grid Graph for [13, 4]",1,2,5,6
52,"2D Grid Graph for [13, 4]",1,3,4,5
52,"2D Grid Graph for [13, 4]",1,4,4,5
52,"2D Grid Graph for [13, 4]",2,2,4,4
52,"2D Grid Graph for [13, 4]",2,3,4,3
52,"2D Grid Graph for [13, 4]",2,4,2,4
52,,1,2,9,8
52,,1,3,7,8
52,,1,4,4,7
52,,2,2,5,4
52,,2,3,4,4
52,,2,4,4,4
52,,1,2,8,8
52,,1,3,9,6
52,,1,4,4,5
52,,2,2,4,5
52,,2,3,4,4
52,,2,4,4,4
53,Random Block Graph with 13 blocks of order 5,1,2,3,2
53,Random Block Graph with 13 blocks of order 5,1,3,2,3
53,Random Block Graph with 13 blocks of order 5,1,4,3,3
53,Random Block Graph with 13 blocks of order 5,2,2,2,2
53,Random Block Graph with 13 blocks of order 5,2,3,2,1
53,Random Block Graph with 13 blocks of order 5,2,4,1,2
53,Random Block Graph with 4 blocks of order 14,1,2,1,2
53,Random Block Graph with 4 blocks of order 14,1,3,1,1
53,Random Block Graph with 4 blocks of order 14,1,4,2,2
53,Random Block Graph with 4 blocks of order 14,2,2,1,1
53,Random Block Graph with 4 blocks of order 14,2,3,2,1
53,Random Block Graph with 4 blocks of order 14,2,4,1,1
54,Circular Ladder graph,1,2,7,4
54,Circular Ladder graph,1,3,4,6
54,Circular Ladder graph,1,4,5,5
54,Circular Ladder graph,2,2,4,4
54,Circular Ladder graph,2,3,4,4
54,Circular Ladder graph,2,4,4,4
54,"2D Grid Graph for [6, 9]",1,2,7,6
54,"2D Grid Graph for [6, 9]",1,3,7,7
54,"2D Grid Graph for [6, 9]",1,4,7,5
54,"2D Grid Graph for [6, 9]",2,2,5,4
54,"2D Grid Graph for [6, 9]",2,3,5,5
54,"2D Grid Graph for [6, 9]",2,4,4,4
54,"2D Grid Graph for [9, 6]",1,2,7,6
54,"2D Grid Graph for [9, 6]",1,3,6,6
54,"2D Grid Graph for [9, 6]",1,4,4,4
54,"2D Grid Graph for [9, 6]",2,2,5,4
54,"2D Grid Graph for [9, 6]",2,3,5,5
54,"2D Grid Graph for [9, 6]",2,4,5,6
54,,1,2,6,6
54,,1,3,6,6
54,,1,4,6,5
54,,2,2,6,6
54,,2,3,5,6
54,,2,4,6,4
54,,1,2,6,6
54,,1,3,5,6
54,,1,4,6,5
54,,2,2,6,6
54,,2,3,6,6
54,,2,4,5,5
55,"2D Grid Graph for [5, 11]",1,2,5,5
55,"2D Grid Graph for [5, 11]",1,3,5,5
55,"2D Grid Graph for [5, 11]",1,4,6,6
55,"2D Grid Graph for [5, 11]",2,2,5,4
55,"2D Grid Graph for [5, 11]",2,3,5,4
55,"2D Grid Graph for [5, 11]",2,4,5,3
55,"2D Grid Graph for [11, 5]",1,2,6,6
55,"2D Grid Graph for [11, 5]",1,3,6,6
55,"2D Grid Graph for [11, 5]",1,4,4,6
55,"2D Grid Graph for [11, 5]",2,2,5,4
55,"2D Grid Graph for [11, 5]",2,3,4,5
55,"2D Grid Graph for [11, 5]",2,4,5,4
55,,1,2,7,7
55,,1,3,7,7
55,,1,4,5,6
55,,2,2,5,5
55,,2,3,5,5
55,,2,4,5,5
55,,1,2,7,8
55,,1,3,6,8
55,,1,4,4,5
55,,2,2,5,5
55,,2,3,5,5
55,,2,4,5,5
55,Random Block Graph with 9 blocks of order 7,1,2,2,2
55,Random Block Graph with 9 blocks of order 7,1,3,1,2
55,Random Block Graph with 9 blocks of order 7,1,4,2,2
55,Random Block Graph with 9 blocks of order 7,2,2,2,1
55,Random Block Graph with 9 blocks of order 7,2,3,1,2
55,Random Block Graph with 9 blocks of order 7,2,4,2,2
55,Random Block Graph with 6 blocks of order 10,1,2,2,1
55,Random Block Graph with 6 blocks of order 10,1,3,1,2
55,Random Block Graph with 6 blocks of order 10,1,4,2,2
55,Random Block Graph with 6 blocks of order 10,2,2,1,1
55,Random Block Graph with 6 blocks of order 10,2,3,1,1
55,Random Block Graph with 6 blocks of order 10,2,4,2,1
56,Circular Ladder graph,1,2,4,6
56,Circular Ladder graph,1,3,5,6
56,Circular Ladder graph,1,4,4,5
56,Circular Ladder graph,2,2,2,4
56,Circular Ladder graph,2,3,4,4
56,Circular Ladder graph,2,4,5,4
56,"2D Grid Graph for [4, 14]",1,2,5,7
56,"2D Grid Graph for [4, 14]",1,3,8,6
56,"2D Grid Graph for [4, 14]",1,4,4,6
56,"2D Grid Graph for [4, 14]",2,2,4,5
56,"2D Grid Graph for [4, 14]",2,3,4,5
56,"2D Grid Graph for [4, 14]",2,4,4,3
56,"2D Grid Graph for [14, 4]",1,2,6,5
56,"2D Grid Graph for [14, 4]",1,3,4,4
56,"2D Grid Graph for [14, 4]",1,4,4,7
56,"2D Grid Graph for [14, 4]",2,2,5,5
56,"2D Grid Graph for [14, 4]",2,3,4,5
56,"2D Grid Graph for [14, 4]",2,4,4,3
56,"2D Grid Graph for [7, 8]",1,2,7,7
56,"2D Grid Graph for [7, 8]",1,3,7,8
56,"2D Grid Graph for [7, 8]",1,4,7,5
56,"2D Grid Graph for [7, 8]",2,2,3,5
56,"2D Grid Graph for [7, 8]",2,3,4,4
56,"2D Grid Graph for [7, 8]",2,4,5,4
56,"2D Grid Graph for [8, 7]",1,2,7,6
56,"2D Grid Graph for [8, 7]",1,3,6,6
56,"2D Grid Graph for [8, 7]",1,4,5,6
56,"2D Grid Graph for [8, 7]",2,2,5,6
56,"2D Grid Graph for [8, 7]",2,3,5,4
56,"2D Grid Graph for [8, 7]",2,4,4,4
56,,1,2,7,8
56,,1,3,9,6
56,,1,4,6,7
56,,2,2,5,5
56,,2,3,4,5
56,,2,4,4,5
56,,1,2,6,7
